INSERT INTO movie (id, version, actors, description, director, duration, genre, title)
VALUES (1, 0, 'Hitler', 'Revenge', 'James Cameron', 162, 'SCI-FI', 'Avahittle'),
       (2, 0, 'Hitler', 'Revenge', 'Greta Gerwig', 114, 'Fantasy & Comedy', 'Barbie'),
       (3, 0, 'Hitler', 'Revenge', 'Rob Letterman', 104, 'Fantasy', 'Detective Hitlerchu'),
       (4, 0, 'Hitler', 'Revenge', 'David Fincher', 158, 'Mystery & Thriler', 'The girl with the nazi tattoo'),
       (5, 0, 'Hitler', 'Revenge', 'Fred Wolf', 97, 'XXXComedy', 'Playboy Bonny'),
       (6, 0, 'Hitler', 'Revenge', 'John Lee Hancock', 115, 'Biographic', 'The founder'),
       (7, 0, 'Hitler', 'Revenge', 'Joe Wright', 124, 'Drama', 'Jyrano'),
       (8, 0, 'Hitler', 'Revenge', 'Neil Jordan', 109, 'Drama', 'Nazi Liza'),
       (9, 0, 'Hitler', 'Revenge', 'Elichhiro Oda', 999, 'Adventure', 'One piece');

INSERT INTO room (version)
VALUES (0),
       (0),
       (0);

INSERT INTO session (version, day, hour, isAvailable, minute, month, year, movie_id, room_id)
VALUES (0, 1, 14, 1, 0, 1, 2023, 1, 1),
       (0, 1, 17, 1, 0, 1, 2023, 1, 2),
       (0, 1, 20, 1, 0, 1, 2023, 1, 3),
       (0, 2, 14, 1, 0, 1, 2023, 2, 1),
       (0, 2, 17, 1, 0, 1, 2023, 2, 2),
       (0, 2, 20, 1, 0, 1, 2023, 2, 3),
       (0, 3, 14, 1, 0, 1, 2023, 3, 1),
       (0, 3, 17, 1, 0, 1, 2023, 3, 2),
       (0, 3, 20, 1, 0, 1, 2023, 3, 3),
       (0, 4, 14, 1, 0, 1, 2023, 4, 1),
       (0, 4, 17, 1, 0, 1, 2023, 4, 2),
       (0, 4, 20, 1, 0, 1, 2023, 4, 3),
       (0, 5, 14, 1, 0, 1, 2023, 5, 1),
       (0, 5, 17, 1, 0, 1, 2023, 5, 2),
       (0, 5, 20, 1, 0, 1, 2023, 5, 3),
       (0, 6, 14, 1, 0, 1, 2023, 6, 1),
       (0, 6, 17, 1, 0, 1, 2023, 6, 2),
       (0, 6, 20, 1, 0, 1, 2023, 6, 3),
       (0, 7, 14, 1, 0, 1, 2023, 7, 1),
       (0, 7, 17, 1, 0, 1, 2023, 7, 2),
       (0, 7, 20, 1, 0, 1, 2023, 7, 3),
       (0, 8, 14, 1, 0, 1, 2023, 8, 1),
       (0, 8, 17, 1, 0, 1, 2023, 8, 2),
       (0, 8, 20, 1, 0, 1, 2023, 8, 3),
       (0, 9, 14, 1, 0, 1, 2023, 9, 1),
       (0, 9, 17, 1, 0, 1, 2023, 9, 2),
       (0, 9, 20, 1, 0, 1, 2023, 9, 3);

INSERT INTO seat (version, isAvailable, seatNumber, session_id)
VALUES (0, 1, 1, 1),
       (0, 1, 2, 1),
       (0, 1, 3, 1),
       (0, 1, 4, 1),
       (0, 1, 5, 1),
       (0, 1, 6, 1),
       (0, 1, 7, 1),
       (0, 1, 8, 1),
       (0, 1, 9, 1),
       (0, 1, 10, 1),
       (0, 1, 1, 2),
       (0, 1, 2, 2),
       (0, 1, 3, 2),
       (0, 1, 4, 2),
       (0, 1, 5, 2),
       (0, 1, 6, 2),
       (0, 1, 7, 2),
       (0, 1, 8, 2),
       (0, 1, 9, 2),
       (0, 1, 10, 2),
       (0, 1, 1, 3),
       (0, 1, 2, 3),
       (0, 1, 3, 3),
       (0, 1, 4, 3),
       (0, 1, 5, 3),
       (0, 1, 6, 3),
       (0, 1, 7, 3),
       (0, 1, 8, 3),
       (0, 1, 9, 3),
       (0, 1, 10, 3),
       (0, 1, 1, 4),
       (0, 1, 2, 4),
       (0, 1, 3, 4),
       (0, 1, 4, 4),
       (0, 1, 5, 4),
       (0, 1, 6, 4),
       (0, 1, 7, 4),
       (0, 1, 8, 4),
       (0, 1, 9, 4),
       (0, 1, 10, 4),
       (0, 1, 1, 5),
       (0, 1, 2, 5),
       (0, 1, 3, 5),
       (0, 1, 4, 5),
       (0, 1, 5, 5),
       (0, 1, 6, 5),
       (0, 1, 7, 5),
       (0, 1, 8, 5),
       (0, 1, 9, 5),
       (0, 1, 10, 5),
       (0, 1, 1, 6),
       (0, 1, 2, 6),
       (0, 1, 3, 6),
       (0, 1, 4, 6),
       (0, 1, 5, 6),
       (0, 1, 6, 6),
       (0, 1, 7, 6),
       (0, 1, 8, 6),
       (0, 1, 9, 6),
       (0, 1, 10, 6),
       (0, 1, 1, 7),
       (0, 1, 2, 7),
       (0, 1, 3, 7),
       (0, 1, 4, 7),
       (0, 1, 5, 7),
       (0, 1, 6, 7),
       (0, 1, 7, 7),
       (0, 1, 8, 7),
       (0, 1, 9, 7),
       (0, 1, 10, 7),
       (0, 1, 1, 8),
       (0, 1, 2, 8),
       (0, 1, 3, 8),
       (0, 1, 4, 8),
       (0, 1, 5, 8),
       (0, 1, 6, 8),
       (0, 1, 7, 8),
       (0, 1, 8, 8),
       (0, 1, 9, 8),
       (0, 1, 10, 8),
       (0, 1, 1, 9),
       (0, 1, 2, 9),
       (0, 1, 3, 9),
       (0, 1, 4, 9),
       (0, 1, 5, 9),
       (0, 1, 6, 9),
       (0, 1, 7, 9),
       (0, 1, 8, 9),
       (0, 1, 9, 9),
       (0, 1, 10, 9),
       (0, 1, 1, 10),
       (0, 1, 2, 10),
       (0, 1, 3, 10),
       (0, 1, 4, 10),
       (0, 1, 5, 10),
       (0, 1, 6, 10),
       (0, 1, 7, 10),
       (0, 1, 8, 10),
       (0, 1, 9, 10),
       (0, 1, 10, 10),
       (0, 1, 1, 11),
       (0, 1, 2, 11),
       (0, 1, 3, 11),
       (0, 1, 4, 11),
       (0, 1, 5, 11),
       (0, 1, 6, 11),
       (0, 1, 7, 11),
       (0, 1, 8, 11),
       (0, 1, 9, 11),
       (0, 1, 10, 11),
       (0, 1, 1, 12),
       (0, 1, 2, 12),
       (0, 1, 3, 12),
       (0, 1, 4, 12),
       (0, 1, 5, 12),
       (0, 1, 6, 12),
       (0, 1, 7, 12),
       (0, 1, 8, 12),
       (0, 1, 9, 12),
       (0, 1, 10, 12),
       (0, 1, 1, 13),
       (0, 1, 2, 13),
       (0, 1, 3, 13),
       (0, 1, 4, 13),
       (0, 1, 5, 13),
       (0, 1, 6, 13),
       (0, 1, 7, 13),
       (0, 1, 8, 13),
       (0, 1, 9, 13),
       (0, 1, 10, 13),
       (0, 1, 1, 14),
       (0, 1, 2, 14),
       (0, 1, 3, 14),
       (0, 1, 4, 14),
       (0, 1, 5, 14),
       (0, 1, 6, 14),
       (0, 1, 7, 14),
       (0, 1, 8, 14),
       (0, 1, 9, 14),
       (0, 1, 10, 14),
       (0, 1, 1, 15),
       (0, 1, 2, 15),
       (0, 1, 3, 15),
       (0, 1, 4, 15),
       (0, 1, 5, 15),
       (0, 1, 6, 15),
       (0, 1, 7, 15),
       (0, 1, 8, 15),
       (0, 1, 9, 15),
       (0, 1, 10, 15),
       (0, 1, 1, 16),
       (0, 1, 2, 16),
       (0, 1, 3, 16),
       (0, 1, 4, 16),
       (0, 1, 5, 16),
       (0, 1, 6, 16),
       (0, 1, 7, 16),
       (0, 1, 8, 16),
       (0, 1, 9, 16),
       (0, 1, 10, 16),
       (0, 1, 1, 17),
       (0, 1, 2, 17),
       (0, 1, 3, 17),
       (0, 1, 4, 17),
       (0, 1, 5, 17),
       (0, 1, 6, 17),
       (0, 1, 7, 17),
       (0, 1, 8, 17),
       (0, 1, 9, 17),
       (0, 1, 10, 17),
       (0, 1, 1, 18),
       (0, 1, 2, 18),
       (0, 1, 3, 18),
       (0, 1, 4, 18),
       (0, 1, 5, 18),
       (0, 1, 6, 18),
       (0, 1, 7, 18),
       (0, 1, 8, 18),
       (0, 1, 9, 18),
       (0, 1, 10, 18),
       (0, 1, 1, 19),
       (0, 1, 2, 19),
       (0, 1, 3, 19),
       (0, 1, 4, 19),
       (0, 1, 5, 19),
       (0, 1, 6, 19),
       (0, 1, 7, 19),
       (0, 1, 8, 19),
       (0, 1, 9, 19),
       (0, 1, 10, 19),
       (0, 1, 1, 20),
       (0, 1, 2, 20),
       (0, 1, 3, 20),
       (0, 1, 4, 20),
       (0, 1, 5, 20),
       (0, 1, 6, 20),
       (0, 1, 7, 20),
       (0, 1, 8, 20),
       (0, 1, 9, 20),
       (0, 1, 10, 20),
       (0, 1, 1, 21),
       (0, 1, 2, 21),
       (0, 1, 3, 21),
       (0, 1, 4, 21),
       (0, 1, 5, 21),
       (0, 1, 6, 21),
       (0, 1, 7, 21),
       (0, 1, 8, 21),
       (0, 1, 9, 21),
       (0, 1, 10, 21),
       (0, 1, 1, 22),
       (0, 1, 2, 22),
       (0, 1, 3, 22),
       (0, 1, 4, 22),
       (0, 1, 5, 22),
       (0, 1, 6, 22),
       (0, 1, 7, 22),
       (0, 1, 8, 22),
       (0, 1, 9, 22),
       (0, 1, 10, 22),
       (0, 1, 1, 23),
       (0, 1, 2, 23),
       (0, 1, 3, 23),
       (0, 1, 4, 23),
       (0, 1, 5, 23),
       (0, 1, 6, 23),
       (0, 1, 7, 23),
       (0, 1, 8, 23),
       (0, 1, 9, 23),
       (0, 1, 10, 23),
       (0, 1, 1, 24),
       (0, 1, 2, 24),
       (0, 1, 3, 24),
       (0, 1, 4, 24),
       (0, 1, 5, 24),
       (0, 1, 6, 24),
       (0, 1, 7, 24),
       (0, 1, 8, 24),
       (0, 1, 9, 24),
       (0, 1, 10, 24),
       (0, 1, 1, 25),
       (0, 1, 2, 25),
       (0, 1, 3, 25),
       (0, 1, 4, 25),
       (0, 1, 5, 25),
       (0, 1, 6, 25),
       (0, 1, 7, 25),
       (0, 1, 8, 25),
       (0, 1, 9, 25),
       (0, 1, 10, 25),
       (0, 1, 1, 26),
       (0, 1, 2, 26),
       (0, 1, 3, 26),
       (0, 1, 4, 26),
       (0, 1, 5, 26),
       (0, 1, 6, 26),
       (0, 1, 7, 26),
       (0, 1, 8, 26),
       (0, 1, 9, 26),
       (0, 1, 10, 26),
       (0, 1, 1, 27),
       (0, 1, 2, 27),
       (0, 1, 3, 27),
       (0, 1, 4, 27),
       (0, 1, 5, 27),
       (0, 1, 6, 27),
       (0, 1, 7, 27),
       (0, 1, 8, 27),
       (0, 1, 9, 27),
       (0, 1, 10, 27);